2019/4/11,reading,1,24,10,9:30,9:31
2019/4/11,reading,1,102,10,9:30,9:40
2019/4/11,reading,1,7,6,9:30,9:31
2019/4/11,reading,1,135,10,9:30,9:35
2019/4/11,reading,1,12,6,9:30,9:32
2019/4/11,reading,1,120,10,9:30,9:32
2019/4/11,reading,1,80,8,9:30,9:35
2019/4/11,reading,1,59,10,9:30,9:34
2019/4/11,reading,1,130,8,9:30,9:35
2019/4/11,reading,1,99,10,9:30,9:32
2019/4/11,reading,1,91,10,9:30,9:36
2019/4/11,reading,1,30,8,9:30,9:33
2019/4/11,reading,1,36,10,9:30,9:36
2019/4/11,reading,1,137,8,9:30,9:33
2019/4/11,reading,1,6,10,9:30,9:35
2019/4/11,reading,1,27,10,9:30,9:34
2019/4/11,reading,1,10,10,9:30,9:36
2019/4/11,reading,1,127,10,9:30,9:34
2019/4/11,reading,1,40,10,9:30,9:34
2019/4/11,reading,1,97,8,9:30,9:41
2019/4/11,reading,1,8,8,9:30,9:32
2019/4/11,reading,1,55,10,9:30,9:35
2019/4/11,reading,1,61,10,9:30,9:35
2019/4/11,reading,1,45,10,9:30,9:37
2019/4/11,reading,1,21,10,9:30,9:35
2019/4/11,reading,1,3,10,9:30,9:35
2019/4/11,reading,1,47,10,9:30,9:39
2019/4/11,reading,1,49,10,9:30,9:37
2019/4/11,reading,1,16,10,9:30,9:45
2019/4/11,reading,1,31,10,9:30,9:34
2019/4/11,reading,1,87,10,9:30,9:34
2019/4/11,reading,1,138,10,9:30,9:39
2019/4/11,reading,1,103,10,9:30,9:34
2019/4/11,reading,1,89,10,9:30,9:36
2019/4/11,reading,1,115,10,9:30,9:35
2019/4/11,reading,1,119,8,9:30,9:33
2019/4/11,reading,1,63,6,9:30,9:38
2019/4/11,reading,1,60,6,9:30,9:37
2019/4/11,reading,1,11,10,9:30,9:33
2019/4/11,reading,1,57,8,9:30,9:35
2019/4/11,reading,1,69,8,9:30,9:33
2019/4/11,reading,1,51,10,9:30,9:35
2019/4/11,reading,1,95,10,9:30,9:38
2019/4/11,reading,1,93,10,9:30,9:32
2019/4/11,reading,1,56,10,9:30,9:35
2019/4/11,reading,1,66,8,9:30,9:36
2019/4/11,reading,1,85,10,9:30,9:35
2019/4/11,reading,1,67,10,9:30,9:36
2019/4/11,reading,1,72,6,9:30,9:34
2019/4/11,reading,1,39,10,9:30,9:35
2019/4/11,reading,1,123,8,9:30,9:37
2019/4/11,reading,1,126,10,9:30,9:34
2019/4/11,reading,1,144,10,9:30,9:37
2019/4/11,reading,1,46,8,9:30,9:36
2019/4/11,reading,1,90,8,9:30,9:34
2019/4/11,reading,1,122,8,9:30,9:34
2019/4/11,reading,1,124,10,9:30,9:37
2019/4/11,reading,1,70,10,9:30,9:37
2019/4/11,reading,1,106,10,9:30,9:38
2019/4/11,reading,1,92,8,9:30,9:33
2019/4/11,reading,1,116,10,9:30,9:35
2019/4/11,reading,1,118,10,9:30,9:37
2019/4/11,reading,1,41,10,9:30,9:36
2019/4/11,reading,1,42,10,9:31,9:34
2019/4/11,reading,1,32,,9:31,
2019/4/11,reading,1,52,8,9:31,9:34
2019/4/11,reading,1,26,10,9:31,9:35
2019/4/11,reading,1,84,,9:31,
2019/4/11,reading,1,75,10,9:31,9:38
2019/4/11,reading,1,5,10,9:31,9:35
2019/4/11,reading,1,74,10,9:31,9:33
2019/4/11,reading,1,35,8,9:31,9:35
2019/4/11,reading,1,132,10,9:31,9:34
2019/4/11,reading,1,28,10,9:31,9:37
2019/4/11,reading,1,77,8,9:31,9:34
2019/4/11,reading,1,143,10,9:31,9:37
2019/4/11,reading,1,128,10,9:31,9:35
2019/4/11,reading,1,112,10,9:31,9:35
2019/4/11,reading,1,81,10,9:31,9:37
2019/4/11,reading,1,50,10,9:31,9:35
2019/4/11,reading,1,134,10,9:31,9:35
2019/4/11,reading,1,19,10,9:31,9:35
2019/4/11,reading,1,15,10,9:31,9:35
2019/4/11,reading,1,73,10,9:31,9:37
2019/4/11,reading,1,94,8,9:31,9:37
2019/4/11,reading,1,117,6,9:31,9:36
2019/4/11,reading,1,108,10,9:31,9:36
2019/4/11,reading,1,111,10,9:31,9:34
2019/4/11,reading,1,43,6,9:31,9:37
2019/4/11,reading,1,83,10,9:31,9:35
2019/4/11,reading,1,65,10,9:31,9:33
2019/4/11,reading,1,139,8,9:31,9:37
2019/4/11,reading,1,76,10,9:31,9:36
2019/4/11,reading,1,14,10,9:31,9:36
2019/4/11,reading,1,79,10,9:31,9:36
2019/4/11,reading,1,140,6,9:32,9:36
2019/4/11,reading,1,58,10,9:32,9:35
2019/4/11,reading,1,53,10,9:32,9:35
2019/4/11,reading,1,109,10,9:32,9:34
2019/4/11,reading,1,82,8,9:32,9:35
2019/4/11,reading,1,29,10,9:32,9:35
2019/4/11,reading,1,18,10,9:32,9:35
2019/4/11,reading,1,2,10,9:32,9:40
2019/4/11,reading,1,20,8,9:32,9:38
2019/4/11,reading,1,22,10,9:32,9:39
2019/4/11,reading,1,37,10,9:32,9:35
2019/4/11,reading,1,136,10,9:32,9:39
2019/4/11,reading,1,110,10,9:32,9:35
2019/4/11,reading,1,62,10,9:32,9:36
2019/4/11,reading,1,96,8,9:33,9:35
2019/4/11,reading,1,104,10,9:33,9:37
2019/4/11,reading,1,101,10,9:33,9:42
2019/4/11,reading,1,64,10,9:33,9:36
2019/4/11,reading,1,23,8,9:33,9:37
2019/4/11,reading,1,121,10,9:33,9:38
2019/4/11,reading,1,88,10,9:33,9:40
2019/4/11,reading,1,68,10,9:33,9:35
2019/4/11,reading,1,141,10,9:34,9:36
2019/4/11,reading,1,4,6,9:34,9:36
2019/4/11,reading,1,133,10,9:34,9:36
2019/4/11,reading,1,125,10,9:35,9:39
2019/4/11,reading,1,71,10,9:35,9:39
2019/4/11,reading,1,105,8,9:35,9:39
2019/4/11,reading,1,44,10,9:36,9:38
2019/4/11,reading,1,17,10,9:36,9:44
2019/4/11,reading,1,9,10,9:36,9:40
2019/4/11,reading,1,142,10,9:38,9:41
2019/4/11,reading,1,114,8,9:40,9:42
2019/4/11,reading,1,33,6,9:44,9:45
2019/4/11,reading,1,48,,9:44,
2019/5/16,reading,5,96,8,9:03,9:09
2019/5/16,reading,5,117,10,9:03,9:07
2019/5/16,reading,5,44,10,9:03,9:09
2019/5/16,reading,5,12,10,9:03,9:08
2019/5/16,reading,5,97,5,9:03,9:15
2019/5/16,reading,5,67,10,9:03,9:16
2019/5/16,reading,5,33,10,9:03,9:06
2019/5/16,reading,5,100,5,9:03,9:15
2019/5/16,reading,5,92,10,9:03,9:10
2019/5/16,reading,5,27,10,9:03,9:08
2019/5/16,reading,5,127,10,9:03,9:12
2019/5/16,reading,5,16,0,9:03,9:15
2019/5/16,reading,5,94,3,9:03,9:18
2019/5/16,reading,5,36,10,9:03,9:09
2019/5/16,reading,5,85,0,9:03,9:15
2019/5/16,reading,5,49,8,9:03,9:11
2019/5/16,reading,5,8,10,9:03,9:06
2019/5/16,reading,5,74,10,9:03,9:09
2019/5/16,reading,5,78,10,9:03,9:13
2019/5/16,reading,5,14,8,9:03,9:13
2019/5/16,reading,5,32,10,9:03,9:11
2019/5/16,reading,5,88,8,9:03,9:14
2019/5/16,reading,5,23,10,9:03,9:11
2019/5/16,reading,5,104,10,9:03,9:07
2019/5/16,reading,5,123,10,9:03,9:11
2019/5/16,reading,5,106,8,9:03,9:06
2019/5/16,reading,5,107,3,9:03,9:11
2019/5/16,reading,5,121,0,9:03,9:15
2019/5/16,reading,5,11,10,9:04,9:08
2019/5/16,reading,5,28,10,9:04,9:09
2019/5/16,reading,5,130,10,9:04,9:09
2019/5/16,reading,5,30,10,9:04,9:08
2019/5/16,reading,5,110,10,9:04,9:08
2019/5/16,reading,5,90,10,9:04,9:12
2019/5/16,reading,5,24,10,9:04,9:14
2019/5/16,reading,5,22,8,9:04,9:11
2019/5/16,reading,5,20,3,9:04,9:16
2019/5/16,reading,5,56,10,9:04,9:08
2019/5/16,reading,5,69,10,9:04,9:05
2019/5/16,reading,5,40,8,9:04,9:12
2019/5/16,reading,5,53,10,9:04,9:12
2019/5/16,reading,5,103,10,9:04,9:06
2019/5/16,reading,5,9,8,9:04,9:12
2019/5/16,reading,5,70,10,9:04,9:12
2019/5/16,reading,5,73,10,9:04,9:18
2019/5/16,reading,5,61,10,9:04,9:15
2019/5/16,reading,5,116,0,9:04,9:14
2019/5/16,reading,5,132,10,9:04,9:15
2019/5/16,reading,5,112,10,9:04,9:13
2019/5/16,reading,5,5,10,9:04,9:11
2019/5/16,reading,5,141,10,9:04,9:07
2019/5/16,reading,5,76,10,9:04,9:16
2019/5/16,reading,5,57,10,9:04,9:09
2019/5/16,reading,5,55,8,9:04,9:14
2019/5/16,reading,5,39,10,9:04,9:17
2019/5/16,reading,5,60,10,9:04,9:14
2019/5/16,reading,5,7,5,9:04,9:09
2019/5/16,reading,5,10,10,9:04,9:17
2019/5/16,reading,5,4,10,9:04,9:12
2019/5/16,reading,5,95,8,9:04,9:14
2019/5/16,reading,5,45,10,9:04,9:10
2019/5/16,reading,5,15,10,9:04,9:15
2019/5/16,reading,5,46,10,9:04,9:10
2019/5/16,reading,5,143,10,9:04,9:14
2019/5/16,reading,5,52,8,9:04,9:11
2019/5/16,reading,5,91,10,9:04,9:13
2019/5/16,reading,5,6,10,9:04,9:11
2019/5/16,reading,5,114,10,9:04,9:12
2019/5/16,reading,5,18,10,9:04,9:11
2019/5/16,reading,5,133,10,9:04,9:15
2019/5/16,reading,5,29,10,9:04,9:10
2019/5/16,reading,5,42,10,9:04,9:08
2019/5/16,reading,5,68,10,9:04,9:07
2019/5/16,reading,5,26,10,9:04,9:10
2019/5/16,reading,5,124,10,9:05,9:11
2019/5/16,reading,5,101,8,9:05,9:12
2019/5/16,reading,5,108,10,9:05,9:16
2019/5/16,reading,5,138,10,9:05,9:13
2019/5/16,reading,5,34,10,9:05,9:11
2019/5/16,reading,5,93,10,9:05,9:08
2019/5/16,reading,5,77,10,9:05,9:06
2019/5/16,reading,5,134,10,9:05,9:07
2019/5/16,reading,5,47,8,9:05,9:15
2019/5/16,reading,5,72,10,9:05,9:12
2019/5/16,reading,5,83,10,9:05,9:12
2019/5/16,reading,5,80,8,9:05,9:11
2019/5/16,reading,5,102,8,9:05,9:18
2019/5/16,reading,5,120,10,9:06,9:11
2019/5/16,reading,5,105,5,9:06,9:15
2019/5/16,reading,5,129,10,9:06,9:17
2019/5/16,reading,5,71,8,9:06,9:12
2019/5/16,reading,5,48,10,9:06,9:16
2019/5/16,reading,5,31,10,9:06,9:14
2019/5/16,reading,5,87,8,9:06,9:13
2019/5/16,reading,5,109,10,9:06,9:15
2019/5/16,reading,5,122,10,9:06,9:15
2019/5/16,reading,5,17,8,9:06,9:17
2019/5/16,reading,5,1,10,9:07,9:10
2019/5/16,reading,5,62,10,9:07,9:12
2019/5/16,reading,5,81,0,9:07,9:09
2019/5/16,reading,5,50,10,9:07,9:09
2019/5/16,reading,5,125,10,9:07,9:09
2019/5/16,reading,5,140,8,9:07,9:14
2019/5/16,reading,5,115,10,9:08,9:17
2019/5/16,reading,5,65,3,9:08,9:09
2019/5/16,reading,5,137,8,9:08,9:13
2019/5/16,reading,5,2,8,9:08,9:13
2019/5/16,reading,5,66,10,9:09,9:16
2019/5/16,reading,5,128,0,9:09,9:20
2019/5/16,reading,5,119,10,9:09,9:12
2019/5/16,reading,5,118,0,9:10,9:18
2019/5/16,reading,5,144,10,9:10,9:18
2019/5/16,reading,5,58,10,9:10,9:19
2019/5/16,reading,5,75,0,9:11,9:11
2019/5/16,reading,5,37,10,9:11,9:19
2019/5/16,reading,5,142,10,9:12,9:13
2019/5/16,reading,5,111,10,9:12,9:19
2019/5/16,reading,5,64,0,9:19,9:20
2019/5/9,reading,4,11,6,9:00,9:06
2019/5/9,reading,4,73,2,9:00,9:06
2019/5/9,reading,4,24,8,9:00,9:07
2019/5/9,reading,4,49,6,9:00,9:07
2019/5/9,reading,4,45,4,9:00,9:08
2019/5/9,reading,4,23,8,9:00,9:06
2019/5/9,reading,4,138,6,9:00,9:07
2019/5/9,reading,4,91,8,9:00,9:07
2019/5/9,reading,4,104,8,9:00,9:01
2019/5/9,reading,4,76,8,9:00,9:10
2019/5/9,reading,4,100,6,9:00,9:07
2019/5/9,reading,4,110,8,9:00,9:06
2019/5/9,reading,4,12,6,9:00,9:07
2019/5/9,reading,4,6,10,9:00,9:08
2019/5/9,reading,4,17,8,9:00,9:08
2019/5/9,reading,4,7,8,9:00,9:04
2019/5/9,reading,4,93,8,9:00,9:05
2019/5/9,reading,4,30,10,9:00,9:03
2019/5/9,reading,4,140,6,9:00,9:09
2019/5/9,reading,4,39,8,9:00,9:08
2019/5/9,reading,4,120,8,9:00,9:03
2019/5/9,reading,4,72,10,9:00,9:06
2019/5/9,reading,4,83,8,9:00,9:10
2019/5/9,reading,4,28,8,9:00,9:08
2019/5/9,reading,4,101,8,9:00,9:10
2019/5/9,reading,4,59,8,9:00,9:06
2019/5/9,reading,4,67,8,9:00,9:07
2019/5/9,reading,4,14,8,9:00,9:08
2019/5/9,reading,4,143,10,9:00,9:11
2019/5/9,reading,4,135,10,9:00,9:12
2019/5/9,reading,4,78,4,9:00,9:08
2019/5/9,reading,4,21,10,9:00,9:07
2019/5/9,reading,4,55,6,9:00,9:07
2019/5/9,reading,4,132,4,9:00,9:08
2019/5/9,reading,4,22,6,9:00,9:08
2019/5/9,reading,4,15,8,9:00,9:12
2019/5/9,reading,4,103,10,9:00,9:06
2019/5/9,reading,4,8,8,9:00,9:05
2019/5/9,reading,4,70,10,9:00,9:12
2019/5/9,reading,4,118,6,9:00,9:15
2019/5/9,reading,4,27,8,9:00,9:05
2019/5/9,reading,4,87,8,9:00,9:06
2019/5/9,reading,4,20,4,9:00,9:09
2019/5/9,reading,4,97,10,9:00,9:13
2019/5/9,reading,4,68,6,9:00,9:04
2019/5/9,reading,4,46,8,9:00,9:06
2019/5/9,reading,4,82,4,9:00,9:06
2019/5/9,reading,4,18,8,9:00,9:08
2019/5/9,reading,4,53,8,9:00,9:07
2019/5/9,reading,4,5,10,9:00,9:08
2019/5/9,reading,4,105,6,9:00,9:06
2019/5/9,reading,4,52,10,9:01,9:09
2019/5/9,reading,4,85,8,9:01,9:06
2019/5/9,reading,4,16,6,9:01,9:04
2019/5/9,reading,4,1,,9:01,
2019/5/9,reading,4,34,6,9:01,9:07
2019/5/9,reading,4,44,8,9:01,9:07
2019/5/9,reading,4,57,8,9:01,9:05
2019/5/9,reading,4,96,6,9:01,9:05
2019/5/9,reading,4,36,8,9:01,9:07
2019/5/9,reading,4,95,6,9:01,9:12
2019/5/9,reading,4,62,8,9:01,9:05
2019/5/9,reading,4,102,8,9:01,9:09
2019/5/9,reading,4,60,6,9:01,9:10
2019/5/9,reading,4,123,6,9:01,9:10
2019/5/9,reading,4,94,6,9:01,9:10
2019/5/9,reading,4,71,10,9:01,9:06
2019/5/9,reading,4,10,8,9:01,9:06
2019/5/9,reading,4,92,10,9:01,9:11
2019/5/9,reading,4,106,8,9:01,9:10
2019/5/9,reading,4,31,10,9:01,9:07
2019/5/9,reading,4,122,4,9:01,9:10
2019/5/9,reading,4,90,10,9:01,9:04
2019/5/9,reading,4,29,6,9:01,9:07
2019/5/9,reading,4,50,8,9:01,9:09
2019/5/9,reading,4,77,8,9:01,9:05
2019/5/9,reading,4,4,8,9:01,9:06
2019/5/9,reading,4,111,10,9:01,9:05
2019/5/9,reading,4,48,6,9:01,9:08
2019/5/9,reading,4,107,6,9:01,9:07
2019/5/9,reading,4,32,8,9:01,9:05
2019/5/9,reading,4,121,10,9:02,9:09
2019/5/9,reading,4,141,8,9:02,9:05
2019/5/9,reading,4,109,6,9:02,9:06
2019/5/9,reading,4,108,2,9:02,9:09
2019/5/9,reading,4,124,8,9:02,9:10
2019/5/9,reading,4,133,8,9:02,9:09
2019/5/9,reading,4,37,8,9:02,9:09
2019/5/9,reading,4,56,6,9:02,9:07
2019/5/9,reading,4,114,8,9:02,9:10
2019/5/9,reading,4,134,10,9:02,9:06
2019/5/9,reading,4,130,6,9:02,9:07
2019/5/9,reading,4,144,2,9:03,9:12
2019/5/9,reading,4,69,8,9:03,9:07
2019/5/9,reading,4,81,8,9:03,9:09
2019/5/9,reading,4,3,8,9:03,9:08
2019/5/9,reading,4,58,8,9:03,9:10
2019/5/9,reading,4,129,10,9:03,9:08
2019/5/9,reading,4,61,10,9:04,9:11
2019/5/9,reading,4,113,8,9:04,9:07
2019/5/9,reading,4,41,6,9:04,9:08
2019/5/9,reading,4,88,6,9:04,9:14
2019/5/9,reading,4,127,4,9:04,9:09
2019/5/9,reading,4,112,10,9:04,9:08
2019/5/9,reading,4,51,10,9:04,9:13
2019/5/9,reading,4,13,6,9:04,9:14
2019/5/9,reading,4,125,8,9:04,9:10
2019/5/9,reading,4,79,8,9:05,9:13
2019/5/9,reading,4,80,8,9:05,9:13
2019/5/9,reading,4,66,6,9:05,9:09
2019/5/9,reading,4,137,6,9:05,9:09
2019/5/9,reading,4,115,10,9:06,9:13
2019/5/9,reading,4,131,8,9:06,9:09
2019/5/9,reading,4,65,10,9:07,9:11
2019/5/9,reading,4,2,6,9:07,9:12
2019/5/9,reading,4,33,8,9:08,9:12
2019/5/9,reading,4,139,2,9:08,9:09
2019/5/9,reading,4,47,6,9:09,9:14
2019/5/9,reading,4,142,8,9:11,9:14
2019/5/9,reading,4,119,8,9:12,9:14
2019/5/9,reading,4,9,0,9:13,9:15
2019/5/9,reading,4,128,2,9:14,9:15
2019/5/9,reading,4,75,0,9:14,9:14
2019/5/9,reading,4,86,0,9:14,9:14
2019/5/9,reading,4,40,2,9:14,9:15
2019/4/25,reading,3,42,10,9:00,9:08
2019/4/25,reading,3,4,8,9:00,9:09
2019/4/25,reading,3,91,2,9:00,9:08
2019/4/25,reading,3,24,10,9:00,9:12
2019/4/25,reading,3,120,10,9:00,9:07
2019/4/25,reading,3,103,8,9:00,9:04
2019/4/25,reading,3,76,2,9:00,9:13
2019/4/25,reading,3,33,6,9:00,9:13
2019/4/25,reading,3,44,6,9:00,9:06
2019/4/25,reading,3,6,6,9:00,9:05
2019/4/25,reading,3,49,6,9:00,9:07
2019/4/25,reading,3,27,6,9:00,9:08
2019/4/25,reading,3,72,6,9:00,9:11
2019/4/25,reading,3,137,2,9:00,9:06
2019/4/25,reading,3,11,10,9:00,9:03
2019/4/25,reading,3,67,8,9:00,9:09
2019/4/25,reading,3,23,6,9:00,9:07
2019/4/25,reading,3,28,8,9:00,9:13
2019/4/25,reading,3,100,4,9:00,9:07
2019/4/25,reading,3,105,8,9:00,9:06
2019/4/25,reading,3,34,2,9:00,9:09
2019/4/25,reading,3,14,6,9:00,9:11
2019/4/25,reading,3,93,2,9:00,9:09
2019/4/25,reading,3,130,6,9:00,9:09
2019/4/25,reading,3,124,10,9:00,9:14
2019/4/25,reading,3,21,8,9:00,9:06
2019/4/25,reading,3,108,2,9:00,9:06
2019/4/25,reading,3,45,8,9:00,9:13
2019/4/25,reading,3,17,6,9:00,9:12
2019/4/25,reading,3,3,4,9:00,9:12
2019/4/25,reading,3,110,10,9:00,9:09
2019/4/25,reading,3,70,2,9:00,9:11
2019/4/25,reading,3,135,4,9:00,9:13
2019/4/25,reading,3,114,8,9:00,9:09
2019/4/25,reading,3,5,10,9:00,9:06
2019/4/25,reading,3,123,8,9:00,9:11
2019/4/25,reading,3,85,10,9:00,9:10
2019/4/25,reading,3,73,2,9:00,9:13
2019/4/25,reading,3,53,4,9:00,9:08
2019/4/25,reading,3,56,6,9:00,9:11
2019/4/25,reading,3,57,4,9:00,9:07
2019/4/25,reading,3,102,4,9:00,9:14
2019/4/25,reading,3,18,6,9:00,9:08
2019/4/25,reading,3,19,4,9:00,9:10
2019/4/25,reading,3,59,8,9:00,9:12
2019/4/25,reading,3,77,8,9:00,9:11
2019/4/25,reading,3,20,2,9:00,9:13
2019/4/25,reading,3,52,0,9:00,9:11
2019/4/25,reading,3,99,2,9:01,9:03
2019/4/25,reading,3,88,4,9:01,9:11
2019/4/25,reading,3,8,8,9:01,9:10
2019/4/25,reading,3,16,0,9:01,9:11
2019/4/25,reading,3,12,8,9:01,9:04
2019/4/25,reading,3,112,8,9:01,9:13
2019/4/25,reading,3,55,8,9:01,9:08
2019/4/25,reading,3,94,10,9:01,9:10
2019/4/25,reading,3,126,6,9:01,9:06
2019/4/25,reading,3,141,6,9:01,9:04
2019/4/25,reading,3,71,2,9:01,9:06
2019/4/25,reading,3,36,8,9:01,9:06
2019/4/25,reading,3,35,8,9:01,9:11
2019/4/25,reading,3,97,6,9:01,9:10
2019/4/25,reading,3,95,4,9:01,9:09
2019/4/25,reading,3,96,6,9:01,9:07
2019/4/25,reading,3,138,8,9:01,9:15
2019/4/25,reading,3,22,8,9:01,9:08
2019/4/25,reading,3,9,4,9:01,9:06
2019/4/25,reading,3,7,10,9:01,9:10
2019/4/25,reading,3,50,10,9:01,9:04
2019/4/25,reading,3,31,4,9:01,9:06
2019/4/25,reading,3,46,4,9:01,9:12
2019/4/25,reading,3,64,10,9:01,9:10
2019/4/25,reading,3,80,4,9:01,9:07
2019/4/25,reading,3,30,8,9:01,9:08
2019/4/25,reading,3,78,6,9:01,9:13
2019/4/25,reading,3,92,10,9:01,9:06
2019/4/25,reading,3,127,6,9:01,9:07
2019/4/25,reading,3,119,8,9:01,9:11
2019/4/25,reading,3,81,8,9:01,9:07
2019/4/25,reading,3,60,4,9:01,9:09
2019/4/25,reading,3,39,8,9:02,9:14
2019/4/25,reading,3,122,0,9:02,9:08
2019/4/25,reading,3,132,4,9:02,9:11
2019/4/25,reading,3,25,8,9:02,9:07
2019/4/25,reading,3,129,6,9:02,9:13
2019/4/25,reading,3,75,8,9:02,9:12
2019/4/25,reading,3,58,10,9:02,9:08
2019/4/25,reading,3,133,8,9:02,9:11
2019/4/25,reading,3,32,6,9:02,9:13
2019/4/25,reading,3,104,8,9:02,9:05
2019/4/25,reading,3,118,2,9:02,9:12
2019/4/25,reading,3,79,8,9:02,9:10
2019/4/25,reading,3,37,4,9:03,9:13
2019/4/25,reading,3,115,8,9:03,9:10
2019/4/25,reading,3,66,8,9:03,9:08
2019/4/25,reading,3,82,8,9:03,9:09
2019/4/25,reading,3,106,10,9:03,9:14
2019/4/25,reading,3,68,0,9:03,9:12
2019/4/25,reading,3,10,8,9:03,9:13
2019/4/25,reading,3,144,6,9:03,9:11
2019/4/25,reading,3,109,6,9:03,9:09
2019/4/25,reading,3,90,10,9:03,9:05
2019/4/25,reading,3,113,2,9:03,9:09
2019/4/25,reading,3,143,8,9:04,9:13
2019/4/25,reading,3,29,2,9:04,9:09
2019/4/25,reading,3,2,8,9:04,9:12
2019/4/25,reading,3,26,10,9:04,9:10
2019/4/25,reading,3,40,10,9:04,9:09
2019/4/25,reading,3,140,2,9:04,9:10
2019/4/25,reading,3,121,8,9:05,9:11
2019/4/25,reading,3,87,8,9:05,9:05
2019/4/25,reading,3,101,2,9:05,9:13
2019/4/25,reading,3,117,8,9:05,9:11
2019/4/25,reading,3,125,10,9:05,9:07
2019/4/25,reading,3,139,0,9:06,9:10
2019/4/25,reading,3,61,4,9:06,9:13
2019/4/25,reading,3,65,8,9:07,9:14
2019/4/25,reading,3,41,0,9:07,9:09
2019/4/25,reading,3,111,8,9:07,9:12
2019/4/25,reading,3,107,8,9:07,9:13
2019/4/25,reading,3,134,0,9:07,9:09
2019/4/25,reading,3,116,2,9:08,9:08
2019/4/25,reading,3,62,8,9:09,9:13
2019/4/25,reading,3,69,10,9:10,9:11
2019/4/25,reading,3,83,0,9:10,9:13
2019/4/25,reading,3,48,4,9:11,9:13
2019/4/25,reading,3,74,2,9:11,9:14
2019/4/18,reading,2,45,4,9:00,9:11
2019/4/18,reading,2,30,6,9:00,9:05
2019/4/18,reading,2,17,2,9:00,9:14
2019/4/18,reading,2,136,10,9:00,9:10
2019/4/18,reading,2,83,8,9:00,9:09
2019/4/18,reading,2,63,6,9:00,9:05
2019/4/18,reading,2,12,6,9:00,9:04
2019/4/18,reading,2,42,6,9:00,9:06
2019/4/18,reading,2,41,4,9:00,9:10
2019/4/18,reading,2,126,6,9:00,9:09
2019/4/18,reading,2,144,6,9:00,9:09
2019/4/18,reading,2,71,6,9:00,9:13
2019/4/18,reading,2,92,8,9:00,9:06
2019/4/18,reading,2,73,2,9:00,9:13
2019/4/18,reading,2,40,4,9:00,9:05
2019/4/18,reading,2,109,6,9:00,9:06
2019/4/18,reading,2,132,8,9:00,9:08
2019/4/18,reading,2,143,10,9:00,9:08
2019/4/18,reading,2,24,10,9:00,9:05
2019/4/18,reading,2,52,6,9:00,9:06
2019/4/18,reading,2,87,10,9:00,9:07
2019/4/18,reading,2,18,6,9:00,9:08
2019/4/18,reading,2,129,4,9:00,9:09
2019/4/18,reading,2,77,10,9:00,9:06
2019/4/18,reading,2,11,10,9:00,9:10
2019/4/18,reading,2,6,6,9:00,9:11
2019/4/18,reading,2,105,8,9:00,9:10
2019/4/18,reading,2,96,6,9:00,9:07
2019/4/18,reading,2,103,10,9:00,9:05
2019/4/18,reading,2,68,10,9:00,9:05
2019/4/18,reading,2,120,6,9:00,9:04
2019/4/18,reading,2,107,0,9:00,9:06
2019/4/18,reading,2,79,4,9:00,9:14
2019/4/18,reading,2,15,10,9:00,9:10
2019/4/18,reading,2,4,10,9:00,9:07
2019/4/18,reading,2,23,4,9:01,9:06
2019/4/18,reading,2,28,4,9:01,9:07
2019/4/18,reading,2,135,8,9:01,9:12
2019/4/18,reading,2,60,4,9:01,9:10
2019/4/18,reading,2,114,6,9:01,9:08
2019/4/18,reading,2,72,2,9:01,9:12
2019/4/18,reading,2,27,4,9:01,9:08
2019/4/18,reading,2,84,6,9:01,9:15
2019/4/18,reading,2,32,4,9:01,9:11
2019/4/18,reading,2,104,10,9:01,9:10
2019/4/18,reading,2,49,4,9:01,9:09
2019/4/18,reading,2,21,10,9:01,9:12
2019/4/18,reading,2,39,6,9:01,9:13
2019/4/18,reading,2,112,8,9:01,9:07
2019/4/18,reading,2,59,2,9:01,9:11
2019/4/18,reading,2,62,2,9:01,9:14
2019/4/18,reading,2,137,4,9:01,9:11
2019/4/18,reading,2,101,10,9:01,9:12
2019/4/18,reading,2,61,10,9:01,9:10
2019/4/18,reading,2,85,6,9:01,9:07
2019/4/18,reading,2,94,8,9:01,9:08
2019/4/18,reading,2,123,10,9:01,9:09
2019/4/18,reading,2,5,2,9:01,9:14
2019/4/18,reading,2,75,6,9:01,9:09
2019/4/18,reading,2,20,6,9:01,9:11
2019/4/18,reading,2,93,6,9:01,9:03
2019/4/18,reading,2,51,10,9:01,9:08
2019/4/18,reading,2,8,4,9:01,9:05
2019/4/18,reading,2,76,4,9:01,9:08
2019/4/18,reading,2,55,6,9:01,9:07
2019/4/18,reading,2,90,10,9:01,9:03
2019/4/18,reading,2,70,6,9:01,9:08
2019/4/18,reading,2,117,6,9:01,9:05
2019/4/18,reading,2,110,4,9:01,9:08
2019/4/18,reading,2,67,6,9:01,9:06
2019/4/18,reading,2,7,6,9:01,9:04
2019/4/18,reading,2,100,0,9:01,9:11
2019/4/18,reading,2,99,4,9:01,9:05
2019/4/18,reading,2,50,10,9:01,9:04
2019/4/18,reading,2,34,4,9:01,9:10
2019/4/18,reading,2,115,8,9:01,9:10
2019/4/18,reading,2,121,2,9:01,9:10
2019/4/18,reading,2,2,0,9:01,9:10
2019/4/18,reading,2,118,6,9:02,9:10
2019/4/18,reading,2,58,10,9:02,9:06
2019/4/18,reading,2,113,2,9:02,9:06
2019/4/18,reading,2,13,6,9:02,9:12
2019/4/18,reading,2,26,6,9:02,9:12
2019/4/18,reading,2,81,2,9:02,9:07
2019/4/18,reading,2,119,6,9:02,9:10
2019/4/18,reading,2,36,8,9:02,9:08
2019/4/18,reading,2,3,6,9:02,9:07
2019/4/18,reading,2,14,6,9:02,9:10
2019/4/18,reading,2,29,10,9:02,9:07
2019/4/18,reading,2,102,10,9:02,9:12
2019/4/18,reading,2,95,4,9:02,9:10
2019/4/18,reading,2,37,10,9:02,9:05
2019/4/18,reading,2,10,2,9:02,9:15
2019/4/18,reading,2,88,2,9:02,9:10
2019/4/18,reading,2,122,4,9:02,9:10
2019/4/18,reading,2,128,4,9:02,9:10
2019/4/18,reading,2,57,4,9:02,9:08
2019/4/18,reading,2,125,6,9:02,9:10
2019/4/18,reading,2,97,0,9:02,9:14
2019/4/18,reading,2,82,6,9:02,9:09
2019/4/18,reading,2,80,6,9:02,9:06
2019/4/18,reading,2,16,4,9:02,9:10
2019/4/18,reading,2,91,6,9:02,9:10
2019/4/18,reading,2,25,10,9:02,9:07
2019/4/18,reading,2,106,2,9:02,9:14
2019/4/18,reading,2,64,4,9:02,9:07
2019/4/18,reading,2,139,4,9:02,9:13
2019/4/18,reading,2,19,10,9:02,9:08
2019/4/18,reading,2,44,6,9:02,9:10
2019/4/18,reading,2,111,4,9:03,9:12
2019/4/18,reading,2,142,10,9:03,9:08
2019/4/18,reading,2,141,10,9:03,9:08
2019/4/18,reading,2,31,6,9:03,9:08
2019/4/18,reading,2,108,4,9:03,9:07
2019/4/18,reading,2,133,4,9:03,9:08
2019/4/18,reading,2,53,6,9:04,9:07
2019/4/18,reading,2,22,6,9:04,9:14
2019/4/18,reading,2,130,4,9:05,9:11
2019/4/18,reading,2,127,2,9:05,9:09
2019/4/18,reading,2,46,4,9:05,9:14
2019/4/18,reading,2,66,4,9:06,9:13
2019/4/18,reading,2,124,0,9:06,9:14
2019/4/18,reading,2,69,10,9:06,9:09
2019/4/18,reading,2,48,,9:07,
2019/4/18,reading,2,65,6,9:07,9:10
2019/4/18,reading,2,33,6,9:07,9:14
2019/4/18,reading,2,9,4,9:08,9:15
2019/4/18,reading,2,134,10,9:08,9:14
2019/4/18,reading,2,74,4,9:08,9:13
2019/4/18,reading,2,140,0,9:14,9:15